{
  "name": "relu",
  "op": "relu",
  "backend": "emulator",
  "shape": [
    1,
    1,
    32,
    32
  ],
  "elems": 1024,
  "packets": 1944,
  "instructions": 1526,
  "cos_sim": 0.2728276252746582,
  "max_diff": 1.765625
}
