{
  "name": "matmul",
  "op": "matmul",
  "backend": "emulator",
  "shape": [
    40
  ],
  "elems": 40,
  "packets": 3070,
  "instructions": 1970,
  "cos_sim": 0.2469710111618042,
  "max_diff": 0.18900299072265625
}
